Contact Company;Site Employees;First;Last;Title;Contact State;Site Name;Enterprise Name;Country;Enterprise Country;State/Province;3-digit NUTS Code;3-digit NUTS Desc;County Name;City;Zipcode;Telco Code;Telco Name;Address;Street;Street 2;Zip Latitude;4-Digit SIC Description;4-Digit SIC Code;3-Digit SIC Code;3-Digit SIC Description;3-Digit Enterprise NACE Code;SIC Grp;Industry Sub-Group;Industry Vertical;Turnover Euros;Number Employees In Country;Enterprise ID;VAT Code;Site IT Employee Range;Site PCs;Function;Contact ID;Contact Status;Region;Phone;Number Sites In Country;Site ID;Site IT Budget;Contact OptIn/OptOut Status;County/Province;Mobile Device Security;Site Mobile Emp;Site Intl Mobile Emp;Enterprise PCs;Site Tablets;Site Workstations;Enterprise IT Budget;Enterprise Storage Budget;Enterprise Hardware Budget;Enterprise Software Budget;Enterprise PC Budget;Enterprise Server Budget;Enterprise Servers;Site Storage Budget;Site Server Budget;Storage Cap Expansion Initiative;Enterprise Desktop;Database Server Presence;DBMS;Enterprise Printers;Site Servers;Server Manuf;Server Virtualization Manuf;DAS Manuf;NAS Manuf;SAN Manuf;Tape Library Manuf;Storage Virtualization Manuf;DAS Storage Presence;NAS Storage Presence;SAN Storage Presence;PCs in Country;DAS Initiative;NAS Initiative;SAN Initiative;Site Tot Developers;Site Desktop;Site Laptops;Site Printers;Site Multifunction Printers;Site Color Printer;Site Internet Users (range);Site Wireless Users;Site Network Lines;Routers;Site Storage Capacity (range);Site Extensions;Tot Call Center Callers;Thin PC;Printer Initiative;Move/Renovation Initiative;Outsource Server Maint Init;Outsource Capacity Plan Init;Outsource Datacenter Mgmt Init;Outsource Sys Integration Init;Outsource Hardware Svcs Init;App Server Software Initiative;Business Intel Soft Initiative;Collaborative Soft Initiative;CRM Software Initiative;Development Software Initiative;Doc Mgmt Software Initiative;App Consolidation Soft Init;Web Service Soft Initiative;Data Warehouse Soft Initiative;Google Applications Initiative;Outsource App Support Initiative;Outsource Programming Svcs Init;Outsource Soft Integration Init;Outsource Doc Mgmt Initiative;Outsource e-Business Initiative;Video Conferencing Svcs Init;ISP Initiative;ATM Contract Expiration;Frame Relay Contract Expiration;ATM/Frame Relay Initiative;MPLS Contract Expiration;SONET Contract Expiration;METRO Contract Expiration;WAN Optimization Initiative;Electronic Medical Records;Outsource LAN Design Initiative;Outsource LAN Mgmt Initiative;Outsource Unified Msg Initiative;Outsource WAN Design Initiative;Outsource WAN Mgmt Initiative;Outsource Netwk Convergence Init;Tape Library Initiative;Data Deduplication;Outsource Disaster Recovery Init;Outsource Storage Mgmt Init;Phone System Initiative;Extension Initiative;ACD Initiative;IVR Initiative;Long Distance Expiration;Phone Sys Maint Expiration;Cellular Service Expiraton;Social Media Initiative;Continent;Subregion;Major Metro Code;Major Metro Name;Metro Code;Metro Name;CMSA Code;MSA;Area Code;Fax;2-digit NUTS Code;2-digit NUTS Desc;4-digit NUTS Code;4-digit NUTS Desc;County;Zipsector;LATA;LATA Name;CLLI Code;Zip Longitude;URL;2-Digit SIC Code;Govt Level;6-Digit NAICS Code;6-Digit NAICS Description;3-Digit NAICS Description;1-Digit NACE Code;1-Digit NACE Description;2-Digit NACE Code;2-Digit NACE Description;3-Digit Site NACE Code;4-Digit NACE Code;4-Digit NACE Description;3-Digit Enterprise NACE Desc;Site Salesforce;Site Revenue ($mil est.);Enterprise Employees;Enterprise IT Employees;Enterprise Revenue;Enterprise Comm. Budget;Ent Svcs/Outsrcing Budget;Enterprise Other Hardware Budget;Enterprise Printer Budget;Enterprise Terminal Budget;Turnover Code;Turnover Local;FYE;Year Established;Location Type;Ent Type;Rank;Alt Ent Type;Alt Ent Rank;Multinational Site;5-digit NAF Code;Registration Code;Enterprise Laptops;Enterprise Internet Users;Enterprise Wireless Users;Enterprise Network Lines;Enterprise Storage Capacity;Enterprise Extensions;Site Comm. Budget;Site Hardware Budget;Site Software Budget;Site Svcs/Outsrcing Budget;Site Other Hardware Budget;Site PC Budget;Site Printer Budget;Site Terminal Budget;Laptop Initiative;Desktop Virtualization Init;Workstation Initiative;Server Initiative;High Volume Printer Initiative;UPS Initiative;Server Virtualization Initiative;ERP Software Initiative;OS Initiative;Software as Service Initiative;Anti-virus Software Initiative;Security Software  Initiative;Enterprise Mgmt Soft Initiative;Storage Mgmt Software Initiative;Network Line Initiative;Wireless LAN Initiative;Unified Comm Service Initiative;Network Service Initiative;Storage Virtualization Init;Voice over IP Initiative;Site Peripheral Budget;Enterprise Peripheral Budget;Enterprise Tablets;Enterprise Workstations;Site Desktop Printers;Enterprise Desktop Printers;Site Network Printers;Enterprise Network Printers;Tablet Presence;Application Server Presence;Email Server Presence;File Print Server Presence;Web Server Presence;Surveillance Equipment;Cloud Computing Presence;Surveillance Equip Vendor;CRM Software Presence;Document Mgmt Software Presence;ERP Accounting Module;ERP CRM Module;ERP Human Resources Module;ERP Supplu Chain Module;ERP Unspecified Module;Site Smartphone Users;Enterprise Smartphone Users;PC Initiative;Tablet Mobile Device Initiative;Multifunction Printer Initiative;Surveillance Equip Initiative;Cloud Computing Initiative;Infrastructure as a Service Init;Platform as a Service Initiative;Accounting Software Initiative;Human Res Software Initiative;Supply Chain Software Initiative;DBMS Initiative;Asset Mgmt Software Initiative;ID Access Mgmt Soft Initiative;Windows 7 Adoption Initiative;XP Migration Initiative;Router Initiative;VPN Initiative;Compliance Initiative;Messaging Security Initiative;Data Loss Prevention Initiative;Smart Phones Initiative;Digital Signage Initiative;Desktops 3+ years;Laptops 3+ years;Desktop Virtualization;IBM Midranges;UNIX/RISC Servers;IBM/PCMs;Color Printers;Multifunction Printers;High Volume Printers;UPSs;Outsourcing Server Maint;Outsourcing Hardware Maint;Outsourcing Datacenter Mgmt;Outsourcing Hardware Services;Application Server Software;Business Intelligence Software;Collaborative Software;CRM Software as a Service;App Consolidation Software;ERP Suite;Accounting Software;Human Resource Software;Supply Chain Software;Web Services;Datawarehouse Software;Email Software as a Service;Software as a Service;Google Applications;Development Software;Workflow Software;Security Software;Groupware Software;Asset Mgmt Software;Enterprise Mgmt Software;ID Access Mgmt Software;Storage Software as a Service;Outsourcing Sofware Services;Network Lines;SONET;LAN Switches;Video Conferencing Services;VPN;Unified Communication Service;Network Services;eCommerce Presence;Outsourcing LAN Mgmt;Outsourcing WAN Mgmt;Outsourcing Firewall Maint;Outsourcing IDS Maint;Storage Virtualization;Outsourcing Disaster Recovery;Outsourcing Storage Mgmt;PBX;Cellular Dataservice;Call Center;Handset or Smartphone;Outsourcing Phone System Maint;Honorific Title;Prefix;Middle;Suffix;Contact Address;Contact Street;Contact Street 2;Contact City;Contact Zipcode;Contact Phone;Contact Language;Contact County/Province;Contact Callback Date;Contact Comments;Contact Date Updated;Contact Dollar Amount;Contact Probability(%);Contact OptIn/OptOut Date;Callback Date;Comments;Date Updated;Dollar Amount;Probability(%);Status;OptIn/OptOut Date;OptIn/OptOut Status;Workstations Presence;Server Virtualization Presence;Storage Mgmt Software Presence;T1/T3 Lines Presence;OCx Lines Presence;ATM/Frame Relay Presence;MPLS Presence;Metro Presence;Wireless LANs Presence;Routers Presence;WAN Presence;Tape Library Presence;VoIP Presence;Server Series;Desktop Manuf;Laptop Manuf;Desktop Virtualization Manuf;Workstation Manuf;Network Printer Manuf;High Volume Printer Manuf;Copier Manuf;UPS Manuf;ERP Suite Vendor;ERP Software as a Service Manuf;App Server Software Vendor;Bus Intell Software Vendor;Collaborative Software Vendor;CRM Software Vendor;CRM Software as a Service Manuf;Document Mgmt Software Vendor;App Consolidation Soft Vendor;Human Res Software Vendor;Supply Chain Software Vendor;Web Service Software Vendor;Datawarehouse Software Vendor;Software as a Service Vendor;Email Messaging Vendor;Email Software as a Svc Manuf;OS Vendor;OS Model;DBMS Vendor;Accting Vendor;Language;Anti-Virus Vendor;Asset Mgmt Software Vendor;Enterprise Mgmt Software Vendor;ID Access Software Vendor;Storage Mgmt Software Vendor;Storage Software as a Svc Manuf;Ethernet Technology;VPN Expiration Date;eCommerce Type;Host or Remote Status;Network Line Carrier;Video Conf Services Provider;Unified Comm Svc Provider;Router Manuf;Switch Manuf;VPN Manuf;ISP;Network Service Provider;Cellular/Mobile Contract Exp;Phone System Manuf;VoIP Manuf;VoIP Hosting;Long Distance Carrier;Wireless Provider;Phone System Maint Provider;Smartphone/Mobile Handset Manuf;Smartphone / Mobile OS
AUTORITA' DI SISTEMA PORTUALE DEL MAR TIRRENO CENTRALE;115;;;Direttore Sistemi Informativi;NA;AUTORITA' DI SISTEMA PORTUALE DEL MAR TIRRENO CENTRALE;Repubblica Italiana;Italy;Italy               ;NA;IT80;CAMPANIA;;NAPOLI;80133;;;;PIAZZALE PISACANE 1;;;Executive offices;9111;911;Executive offices;62.0;GOVT;GOVT;GOVT;0;115;E00045100;705640639;5 to 9;0;ITD                                                             ;2;;;+39 (0)812283111;1;308036225;375705;;NA; ;4;Yes;10000 +;2;6;$100 million +;$10 to $24 million;$100 million +;$100 million +;$100 million +;$5 to $9 million;2500 +;3548;987;5;10000 +; ;Yes;10000 +;12;IBM;;;;HP;;; ; ;5;78; ; ; ;0;0;0;0;1;1;;0;2;3;100 to 500 TB;110;0; ; ; ; ; ; ; ; ; ; ; ; ; ; ; ; ; ; ; ; ; ; ; ; ; ; ; ; ; ; ; ; ; ; ; ; ; ; ; ; ; ; ; ; ; ; ; ; ; ; ; ;Europe;;;;;;;;;81206888;IT8;CAMPANIA;IT803;NAPOLI;;80;;;;;portonapoli.it;91;Local;921110;GOV-Executive Offices;GOV-Executive/Legislative/Oth Generl Govrnmnt Sppt;J;INFORMATION AND COMMUNICATION;62;Computer programming, consultancy and related acti;62.0;62.02;Computer consultancy activities;Computer programming and consultancy;7;0;743461;10000 +;179266;$100 million +;$100 million +;$25 to $49 million;0;0;DK;0;DEC;1974;Standalone;            ;0;            ;0;Yes;;IT00705640639;5000 to 9999;10000 +;250 to 499;1455;3+ PB; ;53245;42090;123050;157320;0;28167;0;0;4;2;2;3; ; ;5;3; ; ;4;4; ;5;2;2;4;1;4;1;0;<$5 million;<250;<50;7;<250;17;<250; ; ; ; ; ;   ; ;           ; ; ;Yes;Yes;Yes;Yes;   ;0;<250;5; ;   ;   ; ; ; ;   ;   ;   ;   ; ;   ; ;Yes;   ;   ; ; ; ; ; ;Yes;Yes;   ;Yes;   ;   ;Yes;Yes;   ;   ;   ;Yes;Yes;Yes;   ;   ;   ;   ;   ;Yes;Yes;Yes;   ;   ;   ;   ;   ;   ;   ;   ;   ;Yes;   ;Yes;   ;   ;   ;Yes;   ;   ;   ;   ;   ;   ;   ;   ;   ;   ;   ;   ;   ;   ;Yes;   ;   ;Yes;Yes;;Sig.;;;;PIAZZALE PISACANE 1;;NAPOLI;80133;+39 (0)812283111;ITA;NA;;;;;;;;;;;;;;; ; ;5; ; ; ; ; ; ;5; ; ; ;AS/400;FUJITSU;HP;;;;;;;ORACLE;;;;;;;;;ORACLE;ORACLE;;;;;;;;IBM;ORACLE;;MCAFEE;;OTHER;;MICROSOFT;;;;;;TELECOM-ITA;;;CISCO;;;OTHER;;;ERICSSON;;;;TELECOM-ITA;;ACER;GOOGLE
AZIENDA TERRITORIALE PER L EDILIZIA RESIDENZIALE PUBBLICA ATER DELLA PROV;65;;;Resp  Sistemi Informativi   Rete;FR;AZIENDA TERRITORIALE PER L EDILIZIA RESIDENZIALE PUBBLICA ATER DELLA PROV;Azienda Territoriale Per L'Edilizia Residenziale Pubblica (Ater) Della Provincia Di Frosin;Italy;Italy               ;FR;IT60;LAZIO;;FROSINONE;3100;;;;VIA MARITTIMA 396;;;Subdividers & developers,nec;6552;655;Subdividers & developers;68.2;F-I-RE;REAL-ESTATE;REAL-ESTATE;9;71;E02785977;105380604;0;29;ITD NET TEL                                                     ;3;;;;4;308014454;55575;;FR;;0;No;<250;0;1;<$5 million;<$5 million;<$5 million;<$5 million;<$5 million;<$5 million;<50;355;3;3;<250; ;Yes;<250;2;IBM;VMWARE;;HP;IBM;;; ;5;5;154; ; ; ;1 to 4;18;10;11;3;3;;0;2;1;100 to 500 TB;100;0;;;;;;;;;;;;;;;;;;;;;;;;;;;;;;;;;;;;;;;;;;;;;;;;;;;;Europe;;;;;;;;;775293735;IT6;LAZIO;IT605;FROSINONE;;3;;;;;ater.frosinone.it;65;Federal;237210;CONST-Land Subdivision;CONST-Heavy and Civil Engineering Construction;L;REAL ESTATE ACTIVITIES;68;Real estate activities;68.2;68.20;Renting and operating of own or leased real estate;Renting and operating of own or leased real estate;6;10;65;<250;10;<$5 million;<$5 million;0;0;0;SA;10;DEC;1939;Standalone;            ;0;            ;0;   ;;IT00105380604;<250;<250;<250;2;100 to 500 TB;;7865;6240;18200;23270;0;4362;0;0;1;4;1;3; ; ;4;3; ; ;2;2; ;2;2;1;3;1;3;1;0;<$5 million;<250;<50;4;<250;4;<250; ; ; ; ; ;   ; ;           ; ; ;Yes;   ;Yes;   ;   ;0;<250; ; ;   ;   ; ; ; ;   ;   ;   ;   ; ;   ; ;   ;   ;   ; ; ; ; ; ;Yes;Yes;   ;   ;   ;   ;Yes;Yes;   ;   ;   ;Yes;Yes;Yes;   ;   ;   ;   ;   ;Yes;Yes;Yes;   ;   ;   ;   ;   ;   ;   ;   ;   ;Yes;   ;   ;   ;   ;   ;Yes;   ;   ;   ;   ;   ;   ;   ;   ;   ;   ;   ;   ;   ;   ;Yes;Yes;   ;Yes;Yes;;Sig.;;;;VIA MARITTIMA 396;;FROSINONE;3100;;ITA;FR;;;;;;;;;;;;;;; ;5;5; ; ; ; ; ;5;5; ; ;5;BLADECENTER;HP;HP;;;;;;;UNSPECIFIED;;;;;;;;;BESPOKE;;;;;;;;;ORACLE;BESPOKE;;SOPHOS;;;;MICROSOFT;;;;;;OTHER;;;CISCO;;;VODAFONE;;;VODAVI;;;TELECOM-ITA;VODAFONE;;SAMSUNG;GOOGLE
BIBLIOTECA BRAIDENSE DI MILANO;120;;;Direttore Sistemi Informativi;MI;BIBLIOTECA BRAIDENSE DI MILANO;Repubblica Italiana;Italy;Italy               ;MI;IT20;LOMBARDIA;;MILANO;20121;;;;VIA BRERA 28;;;Legislative bodies;9121;912;Legislative bodies;84.1;GOVT;GOVT;GOVT;0;120;E00045100;80099130157;5 to 9;0;ITD                                                             ;2;;;;1;308032505;392040;;MI; ;0;Yes;10000 +;2;6;$100 million +;$10 to $24 million;$100 million +;$100 million +;$100 million +;$5 to $9 million;2500 +;3702;1030;4;10000 +; ;Yes;10000 +;10;DELL;;;;OTHER;;; ; ;5;130; ; ; ;;0;0;0;8;4;;0;0;1;100 to 500 TB;0;0; ;Yes; ; ; ; ; ; ; ; ; ; ; ; ; ; ; ; ; ; ; ; ; ; ; ; ; ; ; ; ; ; ; ; ; ; ; ; ; ; ; ; ; ; ; ; ; ; ; ; ; ;Europe;;;;;;;;;272023910;IT2;LOMBARDIA;IT205;MILANO;;20;;;;;braidense.it;91;Local;921120;GOV-Legislative Bodies;GOV-Executive/Legislative/Oth Generl Govrnmnt Sppt;O;PUBLIC ADMINISTRATION AND DEFENCE;;;;;;;;;;;;;;;;;;;;;;;;;;;;;;;;;;;;;;;;;;;;;;;;;;;;;;;;;;;;;;;;;;;;;;;;;;;;;;;;;;;;;;;;;;;;;;;;;;;;;;;;;;;;;;;;;;;;;;;;;;;;;;;;;;;;;;;;;;;;;;;;;;;;;;;;;;;;;;;;;;;;;;;;;;;;;;;;;;;;;;;;;;;;;;;;;;;;;;;;;;;;;;;;;;;;;;;;;;;;;;;;;;;;;;;;;;;;;;;;;;;;;;;;;;;;;;;;;;;;;;
BIBLIOTECA BRAIDENSE DI MILANO;120;;;Resp  Operazioni Informatiche E Rete;MI;BIBLIOTECA BRAIDENSE DI MILANO;Repubblica Italiana;Italy;Italy               ;MI;IT20;LOMBARDIA;;MILANO;20121;;;;VIA BRERA 28;;;Legislative bodies;9121;912;Legislative bodies;84.1;GOVT;GOVT;GOVT;0;120;E00045100;80099130157;5 to 9;0;COP ITD NET                                                     ;9;;;;1;308032505;392040;;MI; ;0;Yes;10000 +;2;6;$100 million +;$10 to $24 million;$100 million +;$100 million +;$100 million +;$5 to $9 million;2500 +;3702;1030;4;10000 +; ;Yes;10000 +;10;DELL;;;;OTHER;;; ; ;5;130; ; ; ;;0;0;0;8;4;;0;0;1;100 to 500 TB;0;0; ;Yes; ; ; ; ; ; ; ; ; ; ; ; ; ; ; ; ; ; ; ; ; ; ; ; ; ; ; ; ; ; ; ; ; ; ; ; ; ; ; ; ; ; ; ; ; ; ; ; ; ;Europe;;;;;;;;;272023910;IT2;LOMBARDIA;IT205;MILANO;;20;;;;;braidense.it;91;Local;921120;GOV-Legislative Bodies;GOV-Executive/Legislative/Oth Generl Govrnmnt Sppt;O;PUBLIC ADMINISTRATION AND DEFENCE;;;;;;;;;;;;;;;;;;;;;;;;;;;;;;;;;;;;;;;;;;;;;;;;;;;;;;;;;;;;;;;;;;;;;;;;;;;;;;;;;;;;;;;;;;;;;;;;;;;;;;;;;;;;;;;;;;;;;;;;;;;;;;;;;;;;;;;;;;;;;;;;;;;;;;;;;;;;;;;;;;;;;;;;;;;;;;;;;;;;;;;;;;;;;;;;;;;;;;;;;;;;;;;;;;;;;;;;;;;;;;;;;;;;;;;;;;;;;;;;;;;;;;;;;;;;;;;;;;;;;;
CALLIGARIS SPA;250;;;Direttore Sistemi Informativi;UD;CALLIGARIS SPA;Altair Srl;Italy;Italy               ;UD;IT33;FRIULI-VENEZIA GIULIA;;MANZANO;33044;;;;VIA TRIESTE 12;;;Household furniture, nec;2519;251;Household furniture;    ;MANUF;MANUFACTURNG;MFG-FURNITUR;107;403;E00377302;5617370969;5 to 9;0;ITD                                                             ;9;;;+39 0432748211;5;308011153;0;;UD; ;10;;<250;3;24;<$5 million;<$5 million;<$5 million;<$5 million;<$5 million;<$5 million;<50;0;0;5;<250; ;Yes;<250;26;IBM;VMWARE;;;IBM;IBM;; ; ;5;600; ; ; ;1 to 4;0;0;0;4;2;;0;2;4;50 to 100 TB;300;15; ; ; ; ; ; ; ; ; ; ; ; ; ; ; ; ; ; ; ; ; ; ; ; ; ; ; ; ; ; ; ; ; ; ; ; ; ; ; ; ; ; ; ; ; ; ; ; ; ; ; ;Europe;;;;;;;;;+39 (0)432750104;IT3;NORD EST;IT332;UDINE;;33;;;;;calligaris.it;25;;337125;MFG-Household Furniture (not Wood and Metal) Mfg;MFG-Furniture and Related Product Manufacturing;C;MANUFACTURING;31;Manufacture of furniture;31.0;31.09;Manufacture of other furniture;;30;114;260;<250;0;<$5 million;<$5 million;<$5 million;0;0;SA;114;DEC;1964;Headquarter;            ;0;            ;0;Yes;;IT05617370969;<250;<250;<250;2;100 to 500 TB; ;0;0;0;0;0;0;0;0;5;5;3;5; ; ;5;5;5; ;5;5; ;5;4;2;5;2;5;2;0;<$5 million;<250;<50;16;<250;44;<250; ; ; ; ; ;   ;5;           ;5; ;Yes;Yes;Yes;Yes;   ;0;<250;5; ;   ;   ; ; ; ;   ;   ;   ;   ; ;   ; ;   ;   ;   ; ; ; ; ; ;   ;   ;   ;   ;   ;   ;Yes;Yes;   ;   ;   ;   ;   ;   ;   ;Yes;   ;Yes;   ;Yes;Yes;Yes;   ;   ;   ;   ;Yes;   ;   ;   ;   ;Yes;   ;   ;   ;   ;   ;Yes;   ;   ;   ;   ;   ;   ;   ;   ;   ;   ;   ;   ;   ;   ;Yes;Yes;Yes;   ;   ;;Sig.;;;;VIA TRIESTE 12;;MANZANO;33044;+39 0432748211;ITA;UD;;;;;;;;;;;;;;; ;5;5; ; ; ; ; ; ;5; ;5; ;NETFINITY;HP;HP;;;;;;;SAGE;;;TABLEAUSOFT;;ORACLE;;;;INAZ;ORACLE;;;;MICROSOFT;CONSTNTCONT;;;MICROSOFT;ORACLE;;SOPHOS;;;;IBM;;;;;;TELECOM-ITA;;;CISCO;;;TELECOM-ITA;;;ALCATEL;;;TELECOM-ITA;VODAFONE;;;
CALLIGARIS SPA;250;;;Resp  Software   Operazioni Informatiche;UD;CALLIGARIS SPA;Altair Srl;Italy;Italy               ;UD;IT33;FRIULI-VENEZIA GIULIA;;MANZANO;33044;;;;VIA TRIESTE 12;;;Household furniture, nec;2519;251;Household furniture;    ;MANUF;MANUFACTURNG;MFG-FURNITUR;107;403;E00377302;5617370969;5 to 9;0;SFT ITD COP                                                     ;10;;;+39 0432748211;5;308011153;0;;UD; ;10;;<250;3;24;<$5 million;<$5 million;<$5 million;<$5 million;<$5 million;<$5 million;<50;0;0;5;<250; ;Yes;<250;26;IBM;VMWARE;;;IBM;IBM;; ; ;5;600; ; ; ;1 to 4;0;0;0;4;2;;0;2;4;50 to 100 TB;300;15; ; ; ; ; ; ; ; ; ; ; ; ; ; ; ; ; ; ; ; ; ; ; ; ; ; ; ; ; ; ; ; ; ; ; ; ; ; ; ; ; ; ; ; ; ; ; ; ; ; ; ;Europe;;;;;;;;;+39 (0)432750104;IT3;NORD EST;IT332;UDINE;;33;;;;;calligaris.it;25;;337125;MFG-Household Furniture (not Wood and Metal) Mfg;MFG-Furniture and Related Product Manufacturing;C;MANUFACTURING;31;Manufacture of furniture;31.0;31.09;Manufacture of other furniture;;30;114;260;<250;0;<$5 million;<$5 million;<$5 million;0;0;SA;114;DEC;1964;Headquarter;            ;0;            ;0;Yes;;IT05617370969;<250;<250;<250;2;100 to 500 TB; ;0;0;0;0;0;0;0;0;5;5;3;5; ; ;5;5;5; ;5;5; ;5;4;2;5;2;5;2;0;<$5 million;<250;<50;16;<250;44;<250; ; ; ; ; ;   ;5;           ;5; ;Yes;Yes;Yes;Yes;   ;0;<250;5; ;   ;   ; ; ; ;   ;   ;   ;   ; ;   ; ;   ;   ;   ; ; ; ; ; ;   ;   ;   ;   ;   ;   ;Yes;Yes;   ;   ;   ;   ;   ;   ;   ;Yes;   ;Yes;   ;Yes;Yes;Yes;   ;   ;   ;   ;Yes;   ;   ;   ;   ;Yes;   ;   ;   ;   ;   ;Yes;   ;   ;   ;   ;   ;   ;   ;   ;   ;   ;   ;   ;   ;   ;Yes;Yes;Yes;   ;   ;;Sig.;;;;VIA TRIESTE 12;;MANZANO;33044;+39 0432748211;ITA;UD;;;;;;;;;;;;;;; ;5;5; ; ; ; ; ; ;5; ;5; ;NETFINITY;HP;HP;;;;;;;SAGE;;;TABLEAUSOFT;;ORACLE;;;;INAZ;ORACLE;;;;MICROSOFT;CONSTNTCONT;;;MICROSOFT;ORACLE;;SOPHOS;;;;IBM;;;;;;TELECOM-ITA;;;CISCO;;;TELECOM-ITA;;;ALCATEL;;;TELECOM-ITA;VODAFONE;;;
CALLIGARIS SPA;250;;;Resp  Dei Sistemi Centrali E Server;UD;CALLIGARIS SPA;Altair Srl;Italy;Italy               ;UD;IT33;FRIULI-VENEZIA GIULIA;;MANZANO;33044;;;;VIA TRIESTE 12;;;Household furniture, nec;2519;251;Household furniture;    ;MANUF;MANUFACTURNG;MFG-FURNITUR;107;403;E00377302;5617370969;5 to 9;0;SSA ITD                                                         ;13;;;+39 0432748211;5;308011153;0;;UD; ;10;;<250;3;24;<$5 million;<$5 million;<$5 million;<$5 million;<$5 million;<$5 million;<50;0;0;5;<250; ;Yes;<250;26;IBM;VMWARE;;;IBM;IBM;; ; ;5;600; ; ; ;1 to 4;0;0;0;4;2;;0;2;4;50 to 100 TB;300;15; ; ; ; ; ; ; ; ; ; ; ; ; ; ; ; ; ; ; ; ; ; ; ; ; ; ; ; ; ; ; ; ; ; ; ; ; ; ; ; ; ; ; ; ; ; ; ; ; ; ; ;Europe;;;;;;;;;+39 (0)432750104;IT3;NORD EST;IT332;UDINE;;33;;;;;calligaris.it;25;;337125;MFG-Household Furniture (not Wood and Metal) Mfg;MFG-Furniture and Related Product Manufacturing;C;MANUFACTURING;31;Manufacture of furniture;31.0;31.09;Manufacture of other furniture;;30;114;260;<250;0;<$5 million;<$5 million;<$5 million;0;0;SA;114;DEC;1964;Headquarter;            ;0;            ;0;Yes;;IT05617370969;<250;<250;<250;2;100 to 500 TB; ;0;0;0;0;0;0;0;0;5;5;3;5; ; ;5;5;5; ;5;5; ;5;4;2;5;2;5;2;0;<$5 million;<250;<50;16;<250;44;<250; ; ; ; ; ;   ;5;           ;5; ;Yes;Yes;Yes;Yes;   ;0;<250;5; ;   ;   ; ; ; ;   ;   ;   ;   ; ;   ; ;   ;   ;   ; ; ; ; ; ;   ;   ;   ;   ;   ;   ;Yes;Yes;   ;   ;   ;   ;   ;   ;   ;Yes;   ;Yes;   ;Yes;Yes;Yes;   ;   ;   ;   ;Yes;   ;   ;   ;   ;Yes;   ;   ;   ;   ;   ;Yes;   ;   ;   ;   ;   ;   ;   ;   ;   ;   ;   ;   ;   ;   ;Yes;Yes;Yes;   ;   ;;Sig.;;;;VIA TRIESTE 12;;MANZANO;33044;+39 0432748211;ITA;UD;;;;;;;;;;;;;;; ;5;5; ; ; ; ; ; ;5; ;5; ;NETFINITY;HP;HP;;;;;;;SAGE;;;TABLEAUSOFT;;ORACLE;;;;INAZ;ORACLE;;;;MICROSOFT;CONSTNTCONT;;;MICROSOFT;ORACLE;;SOPHOS;;;;IBM;;;;;;TELECOM-ITA;;;CISCO;;;TELECOM-ITA;;;ALCATEL;;;TELECOM-ITA;VODAFONE;;;
CAMERA DI COMMERCIO INDUSTRIA ARTIGIANATO E AGRICOLTURA DI TRENTO;130;;;Direttore Sistemi Informativi   Rete;TN;CAMERA DI COMMERCIO INDUSTRIA ARTIGIANATO E AGRICOLTURA DI TRENTO;Unione Italiana Delle Camere Di Commercio Industria Artigianato E Agricoltura;Italy;Italy               ;TN;;;;TRENTO;38122;;;;VIA CALEPINA 13;;;Membership organizations, nec;8699;869;Membership organizations, nec;94.1;SVCS;Svc-Personal;SVC-MEMBER;0;102;E03733284;262170228;1 to 4;102;ITD NET                                                         ;4;;;;103;308001886;92560;;TN;;0;No;1000 to 2499;4;5;$5 to $9 million;<$5 million;<$5 million;<$5 million;<$5 million;<$5 million;250 to 499;647;121;4;500 to 999; ;Yes;250 to 499;4;IBM;VMWARE;;;IBM;IBM;; ; ;5;2165; ; ; ;1 to 4;68;24;27;18;0;;0;1;2;100 to 500 TB;1;0;;;;;;;;;;;;;;;;;;;;;;;;;;;;;;;;;;;;;;;;;;;;;;;;;;;;Europe;;;;;;;;;461239853;;;;;;38;;;;;tn.camcom.it;86;;813990;SVC-Other Similar Orgs-not Busnss/Prof/Labor/Polit;SVC-Religious/Grantmakng/Civic/Profesnl/Simlr Orgs;S;OTHER SERVICE ACTIVITIES;94;Activities of membership organisations;94.1;94.11;Activities of business and employers membership organisations;Business, employers/prof. membership org.;0;0;6711;<250;22522;<$5 million;<$5 million;0;0;0;SA;0;DEC;1851;Standalone;            ;0;            ;0;   ;;IT00262170228;250 to 499; ;<250;40;3+ PB; ;13130;10400;30290;38740;0;6983;0;0;4;2;1;3; ; ;4;3;5; ;3;2; ;2;3;1;2;1;5;1;0;<$5 million;<250;<50;8;<250;12;<250; ; ; ; ; ;   ;5;           ;5; ;   ;   ;   ;   ;   ;0;<250; ; ;   ;   ; ; ; ;   ;   ;   ;   ; ;   ; ;   ;   ;   ; ; ; ; ; ;   ;   ;   ;Yes;Yes;   ;   ;Yes;   ;   ;   ;   ;   ;   ;   ;   ;   ;Yes;   ;   ;Yes;Yes;   ;   ;   ;   ;Yes;   ;   ;   ;   ;Yes;   ;   ;   ;   ;   ;Yes;   ;   ;   ;   ;   ;   ;   ;   ;   ;   ;   ;Yes;   ;   ;   ;   ;   ;   ;   ;;Sig.;;;;VIA CALEPINA 13;;TRENTO;38122;;ITA;TN;;;;;;;;;;;;;;; ;5;5; ; ; ; ; ; ;5; ;5; ;XSERIES;OTHER;HP;;;;;;;;;;;;;;;;BESPOKE;;;;;;;;;IBM;OTHER;;TREND-MICRO;;;;OTHER;;;;;;OTHER;;;CISCO;;;INFRACOM;;;;;;OTHER;OTHER;;;
CAPITANERIA DI PORTO DI GENOVA;270;;;Direttore Sistemi Informativi   Rete;GE;CAPITANERIA DI PORTO DI GENOVA;Repubblica Italiana;Italy;Italy               ;GE;IT13;LIGURIA;;GENOVA;16128;;;;VIA MAGAZZINI GENERALI 4;;;Legislative bodies;9121;912;Legislative bodies;49.3;GOVT;GOVT;GOVT;450;270;E00045100;80034490104;10 to 24;270;ITD NET                                                         ;14;;;;100;308008889;882090;;GE; ;10;Yes;10000 +;4;14;$100 million +;$10 to $24 million;$100 million +;$100 million +;$100 million +;$5 to $9 million;2500 +;8330;2318;5;10000 +; ;Yes;10000 +;29;;;;;HP;;; ; ;5;399; ; ; ;1 to 4;205;47;81;1;1;;0;2;5;500 TB to 1 PB;0;0; ; ; ; ; ; ; ; ; ; ; ; ; ; ; ; ; ; ; ; ; ; ; ; ; ; ; ; ; ; ; ; ; ; ; ; ; ; ; ; ; ; ; ; ; ; ; ; ; ; ; ;Europe;;;;;;;;;102777472;IT1;NORD OVEST;IT133;GENOVA;;16;;;;;cpgenova.it;91;Local;921120;GOV-Legislative Bodies;GOV-Executive/Legislative/Oth Generl Govrnmnt Sppt;H;TRANSPORTATION AND STORAGE;49;Land transport and transport via pipelines;49.3;49.31;Urban and suburban passenger land transport;Other passenger land transport;8;476;743461;10000 +;179266;$100 million +;$100 million +;$25 to $49 million;0;0;SA;476;DEC;1980;Branch;            ;0;            ;0;Yes;;80034490104;5000 to 9999;10000 +;250 to 499;1455;3+ PB; ;125010;98820;288900;369360;0;66131;0;0;5;3;2;5; ; ;5;3; ; ;5;5; ;5;2;3;4;1;5;1;0;<$5 million;<250;<50;18;<250;40;<250; ; ; ; ; ;   ; ;           ; ; ;   ;   ;   ;   ;   ;0;<250;5; ;   ;   ; ; ; ;   ;   ;   ;   ; ;   ; ;Yes;   ;   ; ; ; ; ; ;   ;   ;   ;   ;   ;   ;Yes;Yes;   ;   ;   ;   ;   ;   ;   ;   ;   ;   ;   ;   ;Yes;Yes;   ;   ;   ;   ;   ;   ;   ;   ;   ;Yes;   ;   ;   ;   ;   ;Yes;   ;   ;   ;   ;   ;   ;   ;   ;   ;   ;   ;   ;   ;   ;Yes;   ;   ;Yes;   ;;Sig.;;;;VIA MAGAZZINI GENERALI 4;;GENOVA;16128;;ITA;GE;;;;;;;;;;;;;;; ; ; ; ; ; ; ; ; ;5; ; ;5;;LENOVO;ACER;;;;;;;;;;;;;;;;BESPOKE;;;;;;;;;MICROSOFT;BESPOKE;;OTHER;;;;;;;;;;OTHER;;;CISCO;;;OTHER;;;SELTA;;;;TELECOM-ITA;;SAMSUNG;GOOGLE
CAPITANERIA DI PORTO DI GENOVA;270;;;Responsabile Telecomunicazioni;GE;CAPITANERIA DI PORTO DI GENOVA;Repubblica Italiana;Italy;Italy               ;GE;IT13;LIGURIA;;GENOVA;16128;;;;VIA MAGAZZINI GENERALI 4;;;Legislative bodies;9121;912;Legislative bodies;49.3;GOVT;GOVT;GOVT;450;270;E00045100;80034490104;10 to 24;270;TEL ITD                                                         ;23;;;;100;308008889;882090;;GE; ;10;Yes;10000 +;4;14;$100 million +;$10 to $24 million;$100 million +;$100 million +;$100 million +;$5 to $9 million;2500 +;8330;2318;5;10000 +; ;Yes;10000 +;29;;;;;HP;;; ; ;5;399; ; ; ;1 to 4;205;47;81;1;1;;0;2;5;500 TB to 1 PB;0;0; ; ; ; ; ; ; ; ; ; ; ; ; ; ; ; ; ; ; ; ; ; ; ; ; ; ; ; ; ; ; ; ; ; ; ; ; ; ; ; ; ; ; ; ; ; ; ; ; ; ; ;Europe;;;;;;;;;102777472;IT1;NORD OVEST;IT133;GENOVA;;16;;;;;cpgenova.it;91;Local;921120;GOV-Legislative Bodies;GOV-Executive/Legislative/Oth Generl Govrnmnt Sppt;H;TRANSPORTATION AND STORAGE;49;Land transport and transport via pipelines;49.3;49.31;Urban and suburban passenger land transport;Other passenger land transport;8;476;743461;10000 +;179266;$100 million +;$100 million +;$25 to $49 million;0;0;SA;476;DEC;1980;Branch;            ;0;            ;0;Yes;;80034490104;5000 to 9999;10000 +;250 to 499;1455;3+ PB; ;125010;98820;288900;369360;0;66131;0;0;5;3;2;5; ; ;5;3; ; ;5;5; ;5;2;3;4;1;5;1;0;<$5 million;<250;<50;18;<250;40;<250; ; ; ; ; ;   ; ;           ; ; ;   ;   ;   ;   ;   ;0;<250;5; ;   ;   ; ; ; ;   ;   ;   ;   ; ;   ; ;Yes;   ;   ; ; ; ; ; ;   ;   ;   ;   ;   ;   ;Yes;Yes;   ;   ;   ;   ;   ;   ;   ;   ;   ;   ;   ;   ;Yes;Yes;   ;   ;   ;   ;   ;   ;   ;   ;   ;Yes;   ;   ;   ;   ;   ;Yes;   ;   ;   ;   ;   ;   ;   ;   ;   ;   ;   ;   ;   ;   ;Yes;   ;   ;Yes;   ;;Sig.;;;;VIA MAGAZZINI GENERALI 4;;GENOVA;16128;;ITA;GE;;;;;;;;;;;;;;; ; ; ; ; ; ; ; ; ;5; ; ;5;;LENOVO;ACER;;;;;;;;;;;;;;;;BESPOKE;;;;;;;;;MICROSOFT;BESPOKE;;OTHER;;;;;;;;;;OTHER;;;CISCO;;;OTHER;;;SELTA;;;;TELECOM-ITA;;SAMSUNG;GOOGLE
CAPITANERIA DI PORTO DI GENOVA;270;;;Dir  Resp  Applicativi E Software;GE;CAPITANERIA DI PORTO DI GENOVA;Repubblica Italiana;Italy;Italy               ;GE;IT13;LIGURIA;;GENOVA;16128;;;;VIA MAGAZZINI GENERALI 4;;;Legislative bodies;9121;912;Legislative bodies;49.3;GOVT;GOVT;GOVT;450;270;E00045100;80034490104;10 to 24;270;SFT ITD                                                         ;27;;;;100;308008889;882090;;GE; ;10;Yes;10000 +;4;14;$100 million +;$10 to $24 million;$100 million +;$100 million +;$100 million +;$5 to $9 million;2500 +;8330;2318;5;10000 +; ;Yes;10000 +;29;;;;;HP;;; ; ;5;399; ; ; ;1 to 4;205;47;81;1;1;;0;2;5;500 TB to 1 PB;0;0; ; ; ; ; ; ; ; ; ; ; ; ; ; ; ; ; ; ; ; ; ; ; ; ; ; ; ; ; ; ; ; ; ; ; ; ; ; ; ; ; ; ; ; ; ; ; ; ; ; ; ;Europe;;;;;;;;;102777472;IT1;NORD OVEST;IT133;GENOVA;;16;;;;;cpgenova.it;91;Local;921120;GOV-Legislative Bodies;GOV-Executive/Legislative/Oth Generl Govrnmnt Sppt;H;TRANSPORTATION AND STORAGE;49;Land transport and transport via pipelines;49.3;49.31;Urban and suburban passenger land transport;Other passenger land transport;8;476;743461;10000 +;179266;$100 million +;$100 million +;$25 to $49 million;0;0;SA;476;DEC;1980;Branch;            ;0;            ;0;Yes;;80034490104;5000 to 9999;10000 +;250 to 499;1455;3+ PB; ;125010;98820;288900;369360;0;66131;0;0;5;3;2;5; ; ;5;3; ; ;5;5; ;5;2;3;4;1;5;1;0;<$5 million;<250;<50;18;<250;40;<250; ; ; ; ; ;   ; ;           ; ; ;   ;   ;   ;   ;   ;0;<250;5; ;   ;   ; ; ; ;   ;   ;   ;   ; ;   ; ;Yes;   ;   ; ; ; ; ; ;   ;   ;   ;   ;   ;   ;Yes;Yes;   ;   ;   ;   ;   ;   ;   ;   ;   ;   ;   ;   ;Yes;Yes;   ;   ;   ;   ;   ;   ;   ;   ;   ;Yes;   ;   ;   ;   ;   ;Yes;   ;   ;   ;   ;   ;   ;   ;   ;   ;   ;   ;   ;   ;   ;Yes;   ;   ;Yes;   ;;Sig.;;;;VIA MAGAZZINI GENERALI 4;;GENOVA;16128;;ITA;GE;;;;;;;;;;;;;;; ; ; ; ; ; ; ; ; ;5; ; ;5;;LENOVO;ACER;;;;;;;;;;;;;;;;BESPOKE;;;;;;;;;MICROSOFT;BESPOKE;;OTHER;;;;;;;;;;OTHER;;;CISCO;;;OTHER;;;SELTA;;;;TELECOM-ITA;;SAMSUNG;GOOGLE
CIF OIL CENTRO INTERNAZIONALE DI FORMAZIONE DELL ORGANIZZAZIONE INTERNAZION;200;;;Direttore Sistemi Informativi;TO;CIF OIL CENTRO INTERNAZIONALE DI FORMAZIONE DELL ORGANIZZAZIONE INTERNAZION;Cif Oil Centro Internazionale Di Formazione Dell'organizzazione Internazionale Del Lavoro;Italy;Italy               ;TO;IT11;PIEMONTE;;TORINO;10127;;;;VIALE MAESTRI DEL LAVORO 10;;;Schools & educational services, nec;8299;829;Schools & educational services, nec;85.5;EDUC;Educ-Other;EDU-UNIV.OTH;3;200;E02775681;80102900018;1 to 4;157;ITD                                                             ;11;;;;1;308033737;67800;;TO; ;100;Yes;<250;6;8;<$5 million;<$5 million;<$5 million;<$5 million;<$5 million;<$5 million;<50;473;89;3;<250; ;Yes;<250;4;;VMWARE;;;HP;;; ; ;5;184; ; ; ;1 to 4;105;38;39;7;39;;0;2;3;100 to 500 TB;500;0; ; ; ; ; ; ; ; ; ; ; ; ; ; ; ; ; ; ; ; ; ; ; ; ; ; ; ; ; ; ; ; ; ; ; ; ; ; ; ; ; ; ; ; ; ; ; ; ; ; ; ;Europe;;;;;;;;;116936676;IT1;NORD OVEST;IT111;TORINO;;10;;;;;itcilo.org;82;;611699;EDU-All Other Miscellaneous Schools & Instruction;EDU-Educational Services;P;EDUCATION;85;Education;85.5;85.59;Other education n.e.c.;Other education;8;4;200;<250;4;<$5 million;<$5 million;0;0;0;SA;4;DEC;1965;Standalone;            ;0;            ;0;   ;;IT80102900018;<250;<250;<250;2;100 to 500 TB;;9600;7600;22200;28400;0;5103;0;0;5;1;1;3; ; ;2;2; ; ;2;2; ;2;3;2;1;1;4;1;0;<$5 million;<250;<50;12;<250;17;<250; ; ; ; ; ;   ; ;           ; ; ;Yes;Yes;Yes;Yes;   ;0;<250;5; ;   ;   ; ; ; ;   ;   ;   ;   ; ;   ; ;Yes;   ;   ; ; ; ; ; ;   ;   ;   ;   ;   ;   ;Yes;Yes;   ;   ;   ;   ;   ;   ;   ;Yes;   ;   ;   ;Yes;Yes;   ;   ;   ;   ;   ;   ;   ;   ;   ;   ;Yes;   ;   ;   ;   ;   ;Yes;   ;   ;   ;   ;   ;   ;   ;   ;   ;   ;   ;   ;   ;   ;Yes;Yes;   ;Yes;   ;;Sig.;;;;VIALE MAESTRI DEL LAVORO 10;;TORINO;10127;;ITA;TO;;;;;;;;;;;;;;; ;5;5; ; ; ; ; ; ;5; ; ; ;;HP;HP;;;;;;;ORACLE;;;ORACLE;;;;;;ORACLE;ORACLE;;;;;;;;MYSQL-AB;ORACLE;;SOPHOS;;;;HP;;;;;;TELECOM-ITA;;;CISCO;;;TELECOM-ITA;;;NORTEL;;;TELECOM-ITA;TELECOM-ITA;;RIM;RIM
CIF OIL CENTRO INTERNAZIONALE DI FORMAZIONE DELL ORGANIZZAZIONE INTERNAZION;200;;;It Manager;TO;CIF OIL CENTRO INTERNAZIONALE DI FORMAZIONE DELL ORGANIZZAZIONE INTERNAZION;Cif Oil Centro Internazionale Di Formazione Dell'organizzazione Internazionale Del Lavoro;Italy;Italy               ;TO;IT11;PIEMONTE;;TORINO;10127;;;;VIALE MAESTRI DEL LAVORO 10;;;Schools & educational services, nec;8299;829;Schools & educational services, nec;85.5;EDUC;Educ-Other;EDU-UNIV.OTH;3;200;E02775681;80102900018;1 to 4;157;ITD                                                             ;12;;;;1;308033737;67800;;TO; ;100;Yes;<250;6;8;<$5 million;<$5 million;<$5 million;<$5 million;<$5 million;<$5 million;<50;473;89;3;<250; ;Yes;<250;4;;VMWARE;;;HP;;; ; ;5;184; ; ; ;1 to 4;105;38;39;7;39;;0;2;3;100 to 500 TB;500;0; ; ; ; ; ; ; ; ; ; ; ; ; ; ; ; ; ; ; ; ; ; ; ; ; ; ; ; ; ; ; ; ; ; ; ; ; ; ; ; ; ; ; ; ; ; ; ; ; ; ; ;Europe;;;;;;;;;116936676;IT1;NORD OVEST;IT111;TORINO;;10;;;;;itcilo.org;82;;611699;EDU-All Other Miscellaneous Schools & Instruction;EDU-Educational Services;P;EDUCATION;85;Education;85.5;85.59;Other education n.e.c.;Other education;8;4;200;<250;4;<$5 million;<$5 million;0;0;0;SA;4;DEC;1965;Standalone;            ;0;            ;0;   ;;IT80102900018;<250;<250;<250;2;100 to 500 TB;;9600;7600;22200;28400;0;5103;0;0;5;1;1;3; ; ;2;2; ; ;2;2; ;2;3;2;1;1;4;1;0;<$5 million;<250;<50;12;<250;17;<250; ; ; ; ; ;   ; ;           ; ; ;Yes;Yes;Yes;Yes;   ;0;<250;5; ;   ;   ; ; ; ;   ;   ;   ;   ; ;   ; ;Yes;   ;   ; ; ; ; ; ;   ;   ;   ;   ;   ;   ;Yes;Yes;   ;   ;   ;   ;   ;   ;   ;Yes;   ;   ;   ;Yes;Yes;   ;   ;   ;   ;   ;   ;   ;   ;   ;   ;Yes;   ;   ;   ;   ;   ;Yes;   ;   ;   ;   ;   ;   ;   ;   ;   ;   ;   ;   ;   ;   ;Yes;Yes;   ;Yes;   ;;Sra;;;;VIALE MAESTRI DEL LAVORO 10;;TORINO;10127;;ITA;TO;;;;;;;;;;;;;;; ;5;5; ; ; ; ; ; ;5; ; ; ;;HP;HP;;;;;;;ORACLE;;;ORACLE;;;;;;ORACLE;ORACLE;;;;;;;;MYSQL-AB;ORACLE;;SOPHOS;;;;HP;;;;;;TELECOM-ITA;;;CISCO;;;TELECOM-ITA;;;NORTEL;;;TELECOM-ITA;TELECOM-ITA;;RIM;RIM
CIF OIL CENTRO INTERNAZIONALE DI FORMAZIONE DELL ORGANIZZAZIONE INTERNAZION;200;;;Computer Operations Manager;TO;CIF OIL CENTRO INTERNAZIONALE DI FORMAZIONE DELL ORGANIZZAZIONE INTERNAZION;Cif Oil Centro Internazionale Di Formazione Dell'organizzazione Internazionale Del Lavoro;Italy;Italy               ;TO;IT11;PIEMONTE;;TORINO;10127;;;;VIALE MAESTRI DEL LAVORO 10;;;Schools & educational services, nec;8299;829;Schools & educational services, nec;85.5;EDUC;Educ-Other;EDU-UNIV.OTH;3;200;E02775681;80102900018;1 to 4;157;ITD                                                             ;14;;;;1;308033737;67800;;TO; ;100;Yes;<250;6;8;<$5 million;<$5 million;<$5 million;<$5 million;<$5 million;<$5 million;<50;473;89;3;<250; ;Yes;<250;4;;VMWARE;;;HP;;; ; ;5;184; ; ; ;1 to 4;105;38;39;7;39;;0;2;3;100 to 500 TB;500;0; ; ; ; ; ; ; ; ; ; ; ; ; ; ; ; ; ; ; ; ; ; ; ; ; ; ; ; ; ; ; ; ; ; ; ; ; ; ; ; ; ; ; ; ; ; ; ; ; ; ; ;Europe;;;;;;;;;116936676;IT1;NORD OVEST;IT111;TORINO;;10;;;;;itcilo.org;82;;611699;EDU-All Other Miscellaneous Schools & Instruction;EDU-Educational Services;P;EDUCATION;85;Education;85.5;85.59;Other education n.e.c.;Other education;8;4;200;<250;4;<$5 million;<$5 million;0;0;0;SA;4;DEC;1965;Standalone;            ;0;            ;0;   ;;IT80102900018;<250;<250;<250;2;100 to 500 TB;;9600;7600;22200;28400;0;5103;0;0;5;1;1;3; ; ;2;2; ; ;2;2; ;2;3;2;1;1;4;1;0;<$5 million;<250;<50;12;<250;17;<250; ; ; ; ; ;   ; ;           ; ; ;Yes;Yes;Yes;Yes;   ;0;<250;5; ;   ;   ; ; ; ;   ;   ;   ;   ; ;   ; ;Yes;   ;   ; ; ; ; ; ;   ;   ;   ;   ;   ;   ;Yes;Yes;   ;   ;   ;   ;   ;   ;   ;Yes;   ;   ;   ;Yes;Yes;   ;   ;   ;   ;   ;   ;   ;   ;   ;   ;Yes;   ;   ;   ;   ;   ;Yes;   ;   ;   ;   ;   ;   ;   ;   ;   ;   ;   ;   ;   ;   ;Yes;Yes;   ;Yes;   ;;Sig.;;;;VIALE MAESTRI DEL LAVORO 10;;TORINO;10127;;ITA;TO;;;;;;;;;;;;;;; ;5;5; ; ; ; ; ; ;5; ; ; ;;HP;HP;;;;;;;ORACLE;;;ORACLE;;;;;;ORACLE;ORACLE;;;;;;;;MYSQL-AB;ORACLE;;SOPHOS;;;;HP;;;;;;TELECOM-ITA;;;CISCO;;;TELECOM-ITA;;;NORTEL;;;TELECOM-ITA;TELECOM-ITA;;RIM;RIM
CITTADELLA DELLA CARITA;165;;;Direttore Sistemi Informativi   Rete;TA;CITTADELLA DELLA CARITA;Cittadella Della Carita;Italy;Italy               ;TA;;;;TARANTO;74123;;;;PIAZZALE MONSIGNOR GUGLIELMO MOTOLESE 1;QUARTIERE PAOLO VI;;Specialty hospitals, except psychiatric;8069;806;Hospitals;86.1;MED;MED-HOSP;Med-Hospital;6;219;E02748165;1051420733;1 to 4;77;ITD NET                                                         ;8;;;;1;308032030;119130;;TA; ;0;No;<250;2;3;<$5 million;<$5 million;<$5 million;<$5 million;<$5 million;<$5 million;<50;799;16;4;<250; ;Yes;<250;6;;;;;UNSPECIFIED;;; ; ;5;82; ; ; ;;59;13;23;16;20;;0;0;4;50 to 100 TB;0;0; ; ; ; ; ; ; ; ; ; ; ; ; ; ; ; ; ; ; ; ; ; ; ; ; ; ; ; ; ; ; ; ; ; ; ; ; ; ; ; ; ; ; ; ; ; ; ; ; ; ; ;Europe;;;;;;;;;994732300;;;;;;74;;;;;cittadelladellacarita.it;80;;622310;HLTH-Spclty (not Psychiatric/Substance Abuse) Hosp;HLTH-Hospitals;Q;HUMAN HEALTH AND SOCIAL WORK ACTIVITIES;86;Human health activities;86.1;86.10;Hospital activities;Hospital activities;8;7;165;<250;7;<$5 million;<$5 million;0;0;0;  ;7;DEC;1983;Standalone;            ;0;            ;0;   ;;IT01051420733;<250;<250;<250;0;50 to 100 TB;;16830;13365;39105;49830;0;8639;0;0;5;5;1;4; ; ;5;2; ; ;2;3; ;3;4;2;5;1;5;1;0;<$5 million;<250;<50;5;<250;11;<250; ; ; ; ; ;   ;5;           ;5; ;   ;   ;   ;   ;   ;0;<250;5; ;   ;   ; ; ; ;   ;   ;   ;   ; ;   ; ;Yes;   ;   ; ; ; ; ; ;Yes;   ;   ;   ;   ;   ;Yes;Yes;Yes;   ;   ;Yes;Yes;Yes;   ;   ;   ;Yes;   ;   ;Yes;Yes;   ;   ;   ;   ;Yes;   ;   ;   ;   ;Yes;   ;   ;   ;   ;   ;Yes;   ;   ;   ;   ;   ;Yes;   ;   ;   ;   ;   ;   ;   ;   ;Yes;   ;   ;   ;Yes;;Sig.;;;;PIAZZALE MONSIGNOR GUGLIELMO MOTOLESE 1;QUARTIERE PAOLO VI;TARANTO;74123;;ITA;TA;;;;;;;;;;;;;;; ; ; ; ; ; ;5; ; ;5;5; ;5;;HP;HP;;;;HP;;;;;;;;;;;;OTHER;;;;;;;;;MICROSOFT;OTHER;;F-SECURE;;;;;;;;;;TELECOM-ITA;;;UNSPECIFIED;;;OTHER;TELECOM-ITA;;OTHER;;;OTHER;;;;
COMUNE DI BOLLATE;200;;;Resp  Server   Operazioni Informatiche;MI;COMUNE DI BOLLATE;Repubblica Italiana;Italy;Italy               ;MI;IT20;LOMBARDIA;;BOLLATE;20021;;;;PIAZZA ALDO MORO 1;;;Executive offices;9111;911;Executive offices;    ;GOVT;GOVT;GOVT;0;200;E00045100;801220153;10 to 24;0;SSA ITD COP                                                     ;9;;;;1;308003747;653400;;MI; ;0;No;10000 +;4;12;$100 million +;$10 to $24 million;$100 million +;$100 million +;$100 million +;$5 to $9 million;2500 +;6171;1717;5;10000 +; ;Yes;10000 +;18;UNSPECIFIED;VMWARE;;;;HP;; ; ; ;185; ; ; ;0;0;0;0;3;3;;0;1;4;500 TB to 1 PB;100;0; ; ; ; ; ; ; ; ; ; ; ; ; ; ; ; ; ; ; ; ; ; ; ; ; ; ; ; ; ; ; ; ; ; ; ; ; ; ; ; ; ; ; ; ; ; ; ; ; ; ; ;Europe;;;;;;;;;235005399;IT2;LOMBARDIA;IT205;MILANO;;20;;;;;comune.bollate.mi.it;91;Local;921110;GOV-Executive Offices;GOV-Executive/Legislative/Oth Generl Govrnmnt Sppt;O;PUBLIC ADMINISTRATION AND DEFENCE;;;;;;;;;;;;;;;;;;;;;;;;;;;;;;;;;;;;;;;;;;;;;;;;;;;;;;;;;;;;;;;;;;;;;;;;;;;;;;;;;;;;;;;;;;;;;;;;;;;;;;;;;;;;;;;;;;;;;;;;;;;;;;;;;;;;;;;;;;;;;;;;;;;;;;;;;;;;;;;;;;;;;;;;;;;;;;;;;;;;;;;;;;;;;;;;;;;;;;;;;;;;;;;;;;;;;;;;;;;;;;;;;;;;;;;;;;;;;;;;;;;;;;;;;;;;;;;;;;;;;;
COMUNE DI BOLLATE;200;;;Direttore Sistemi Informativi   Rete;MI;COMUNE DI BOLLATE;Repubblica Italiana;Italy;Italy               ;MI;IT20;LOMBARDIA;;BOLLATE;20021;;;;PIAZZA ALDO MORO 1;;;Executive offices;9111;911;Executive offices;    ;GOVT;GOVT;GOVT;0;200;E00045100;801220153;10 to 24;0;ITD NET                                                         ;14;;;;1;308003747;653400;;MI; ;0;No;10000 +;4;12;$100 million +;$10 to $24 million;$100 million +;$100 million +;$100 million +;$5 to $9 million;2500 +;6171;1717;5;10000 +; ;Yes;10000 +;18;UNSPECIFIED;VMWARE;;;;HP;; ; ; ;185; ; ; ;0;0;0;0;3;3;;0;1;4;500 TB to 1 PB;100;0; ; ; ; ; ; ; ; ; ; ; ; ; ; ; ; ; ; ; ; ; ; ; ; ; ; ; ; ; ; ; ; ; ; ; ; ; ; ; ; ; ; ; ; ; ; ; ; ; ; ; ;Europe;;;;;;;;;235005399;IT2;LOMBARDIA;IT205;MILANO;;20;;;;;comune.bollate.mi.it;91;Local;921110;GOV-Executive Offices;GOV-Executive/Legislative/Oth Generl Govrnmnt Sppt;O;PUBLIC ADMINISTRATION AND DEFENCE;;;;;;;;;;;;;;;;;;;;;;;;;;;;;;;;;;;;;;;;;;;;;;;;;;;;;;;;;;;;;;;;;;;;;;;;;;;;;;;;;;;;;;;;;;;;;;;;;;;;;;;;;;;;;;;;;;;;;;;;;;;;;;;;;;;;;;;;;;;;;;;;;;;;;;;;;;;;;;;;;;;;;;;;;;;;;;;;;;;;;;;;;;;;;;;;;;;;;;;;;;;;;;;;;;;;;;;;;;;;;;;;;;;;;;;;;;;;;;;;;;;;;;;;;;;;;;;;;;;;;;
COMUNE DI BOLLATE;200;;;Resp  Dei Sistemi Centrali E Server;MI;COMUNE DI BOLLATE;Repubblica Italiana;Italy;Italy               ;MI;IT20;LOMBARDIA;;BOLLATE;20021;;;;PIAZZA ALDO MORO 1;;;Executive offices;9111;911;Executive offices;    ;GOVT;GOVT;GOVT;0;200;E00045100;801220153;10 to 24;0;SSA ITD                                                         ;21;;;;1;308003747;653400;;MI; ;0;No;10000 +;4;12;$100 million +;$10 to $24 million;$100 million +;$100 million +;$100 million +;$5 to $9 million;2500 +;6171;1717;5;10000 +; ;Yes;10000 +;18;UNSPECIFIED;VMWARE;;;;HP;; ; ; ;185; ; ; ;0;0;0;0;3;3;;0;1;4;500 TB to 1 PB;100;0; ; ; ; ; ; ; ; ; ; ; ; ; ; ; ; ; ; ; ; ; ; ; ; ; ; ; ; ; ; ; ; ; ; ; ; ; ; ; ; ; ; ; ; ; ; ; ; ; ; ; ;Europe;;;;;;;;;235005399;IT2;LOMBARDIA;IT205;MILANO;;20;;;;;comune.bollate.mi.it;91;Local;921110;GOV-Executive Offices;GOV-Executive/Legislative/Oth Generl Govrnmnt Sppt;O;PUBLIC ADMINISTRATION AND DEFENCE;;;;;;;;;;;;;;;;;;;;;;;;;;;;;;;;;;;;;;;;;;;;;;;;;;;;;;;;;;;;;;;;;;;;;;;;;;;;;;;;;;;;;;;;;;;;;;;;;;;;;;;;;;;;;;;;;;;;;;;;;;;;;;;;;;;;;;;;;;;;;;;;;;;;;;;;;;;;;;;;;;;;;;;;;;;;;;;;;;;;;;;;;;;;;;;;;;;;;;;;;;;;;;;;;;;;;;;;;;;;;;;;;;;;;;;;;;;;;;;;;;;;;;;;;;;;;;;;;;;;;;
COMUNE DI BOLLATE;200;;;Resp  Operazioni Informatiche;MI;COMUNE DI BOLLATE;Repubblica Italiana;Italy;Italy               ;MI;IT20;LOMBARDIA;;BOLLATE;20021;;;;PIAZZA ALDO MORO 1;;;Executive offices;9111;911;Executive offices;    ;GOVT;GOVT;GOVT;0;200;E00045100;801220153;10 to 24;0;COP ITD                                                         ;23;;;;1;308003747;653400;;MI; ;0;No;10000 +;4;12;$100 million +;$10 to $24 million;$100 million +;$100 million +;$100 million +;$5 to $9 million;2500 +;6171;1717;5;10000 +; ;Yes;10000 +;18;UNSPECIFIED;VMWARE;;;;HP;; ; ; ;185; ; ; ;0;0;0;0;3;3;;0;1;4;500 TB to 1 PB;100;0; ; ; ; ; ; ; ; ; ; ; ; ; ; ; ; ; ; ; ; ; ; ; ; ; ; ; ; ; ; ; ; ; ; ; ; ; ; ; ; ; ; ; ; ; ; ; ; ; ; ; ;Europe;;;;;;;;;235005399;IT2;LOMBARDIA;IT205;MILANO;;20;;;;;comune.bollate.mi.it;91;Local;921110;GOV-Executive Offices;GOV-Executive/Legislative/Oth Generl Govrnmnt Sppt;O;PUBLIC ADMINISTRATION AND DEFENCE;;;;;;;;;;;;;;;;;;;;;;;;;;;;;;;;;;;;;;;;;;;;;;;;;;;;;;;;;;;;;;;;;;;;;;;;;;;;;;;;;;;;;;;;;;;;;;;;;;;;;;;;;;;;;;;;;;;;;;;;;;;;;;;;;;;;;;;;;;;;;;;;;;;;;;;;;;;;;;;;;;;;;;;;;;;;;;;;;;;;;;;;;;;;;;;;;;;;;;;;;;;;;;;;;;;;;;;;;;;;;;;;;;;;;;;;;;;;;;;;;;;;;;;;;;;;;;;;;;;;;;
COMUNE DI BOLLATE;200;;;It Manager;MI;COMUNE DI BOLLATE;Repubblica Italiana;Italy;Italy               ;MI;IT20;LOMBARDIA;;BOLLATE;20021;;;;PIAZZA ALDO MORO 1;;;Executive offices;9111;911;Executive offices;    ;GOVT;GOVT;GOVT;0;200;E00045100;801220153;10 to 24;0;ITD                                                             ;26;;;;1;308003747;653400;;MI; ;0;No;10000 +;4;12;$100 million +;$10 to $24 million;$100 million +;$100 million +;$100 million +;$5 to $9 million;2500 +;6171;1717;5;10000 +; ;Yes;10000 +;18;UNSPECIFIED;VMWARE;;;;HP;; ; ; ;185; ; ; ;0;0;0;0;3;3;;0;1;4;500 TB to 1 PB;100;0; ; ; ; ; ; ; ; ; ; ; ; ; ; ; ; ; ; ; ; ; ; ; ; ; ; ; ; ; ; ; ; ; ; ; ; ; ; ; ; ; ; ; ; ; ; ; ; ; ; ; ;Europe;;;;;;;;;235005399;IT2;LOMBARDIA;IT205;MILANO;;20;;;;;comune.bollate.mi.it;91;Local;921110;GOV-Executive Offices;GOV-Executive/Legislative/Oth Generl Govrnmnt Sppt;O;PUBLIC ADMINISTRATION AND DEFENCE;;;;;;;;;;;;;;;;;;;;;;;;;;;;;;;;;;;;;;;;;;;;;;;;;;;;;;;;;;;;;;;;;;;;;;;;;;;;;;;;;;;;;;;;;;;;;;;;;;;;;;;;;;;;;;;;;;;;;;;;;;;;;;;;;;;;;;;;;;;;;;;;;;;;;;;;;;;;;;;;;;;;;;;;;;;;;;;;;;;;;;;;;;;;;;;;;;;;;;;;;;;;;;;;;;;;;;;;;;;;;;;;;;;;;;;;;;;;;;;;;;;;;;;;;;;;;;;;;;;;;;
